Power [W];Part Number;Type;Nom. V [V];No-load rpm;No-load mA;Nom. rpm;Nom. Torque [mNm];Nom. I [A];Stall T [mNm];Stall I [A];Eff. [%];Kt [mNm/A];Kn [rpm/V];R ph-ph [Ω];Weight [g];Family
30;200142;Hall;12;4370;151;2860;59;2,14;255;10;77;25,5;374;1,2;96;EC 45 flat Details
30;339281;Hall;24;4370;75,3;2850;58,8;1,07;253;4,96;77;51;187;4,84;96;EC 45 flat Details
30;339282;Hall;36;4760;56,9;3210;70,6;0,893;380;5,38;81;70,6;135;6,7;96;EC 45 flat Details
50;339285;Hall;18;6720;247;5220;95,2;3,46;925;38,9;85;25,1;380;0,463;110;EC 45 flat Details
50;251601;Hall;24;6710;185;5250;82,7;2,32;741;23,3;83;33,5;285;1,03;110;EC 45 flat Details
50;339286;Hall;24;4730;106;3480;69,5;1,41;382;8,5;79;47,5;201;2,82;110;EC 45 flat Details
50;339287;Hall;36;3360;42,3;2360;90,5;0,828;459;4,83;82;101;95;7,46;110;EC 45 flat Details
70;397172;Hall;24;6110;234;4860;128;3,21;1460;39,5;85;36,9;259;0,608;141;EC 45 flat Details
70;402685;Hall;30;6230;194;4990;112;2,36;1170;25,8;84;45,1;212;1,16;141;EC 45 flat Details
70;402686;Hall;36;6330;166;5080;108;1,93;1100;20,7;83;53,3;179;1,74;141;EC 45 flat Details
70;402687;Hall;48;3440;48,1;2540;134;0,936;915;6,97;84;131;72,7;6,89;141;EC 45 flat Details
100;412819;Cover;12;3710;671;3260;231;7,81;2850;93,5;84;30,5;313;0,128;470;EC 60 flat Details
100;408057;Cover;12;3710;671;3170;279;9,25;2850;93,5;84;30,5;313;0,128;470;EC 60 flat Details
100;412823;No cover;24;4250;419;3840;227;4,43;4180;78,2;86;53,4;179;0,307;470;EC 60 flat Details
100;411678;No cover;24;4250;419;3740;289;5,47;4180;78,2;86;53,4;179;0,307;470;EC 60 flat Details
100;412821;Cover;48;3970;187;3580;257;2,3;5010;43,8;88;114;83,4;1,1;470;EC 60 flat Details
100;412825;No cover;48;3970;187;3490;319;2,78;5010;43,8;88;114;83,4;1,1;470;EC 60 flat Details
150;625857;Open Rotor;12;3760;815;2990;378;12;3340;111;83,8;30;318;0,108;350;EC 60 flat Details
150;625858;Open Rotor;24;4300;497;3480;401;7,25;4300;81,9;85,2;52,5;182;0,293;350;EC 60 flat Details
150;625859;Open Rotor;48;4020;224;3230;437;3,63;4870;43,2;86,3;113;84,8;1,11;350;EC 60 flat Details
200;625860;Ventilated;12;3760;815;2790;492;15,1;3340;111;83,8;30;318;0,108;360;EC 60 flat Details
200;614949;Ventilated;24;4300;497;3240;536;9,28;4300;81,9;85,2;52,5;182;0,293;360;EC 60 flat Details
200;625861;Ventilated;48;4020;224;3020;577;4,6;4870;43,2;86,3;113;84,8;1,11;360;EC 60 flat Details
90;323772;Standard;24;3190;544;2590;444;6,06;4940;70;84;70,5;135;0,343;600;EC 90 flat Details
90;429271;Standard;36;3120;348;2510;560;4,76;7480;69;87;109;88;0,522;600;EC 90 flat Details
90;244879;Standard;48;2080;135;1610;533;2,27;4570;21,1;85;217;44;2,28;600;EC 90 flat Details
160;586655;Standard;12;3170;1320;2710;458;12,8;7400;208;85;35,6;268;0,0577;630;EC 90 flat Details
160;515458;Standard;24;3170;658;2720;457;6,39;7910;111;85;71,2;134;0,216;630;EC 90 flat Details
160;505592;Standard;36;3070;420;2640;453;4,09;7580;68,9;85;110;86,8;0,523;630;EC 90 flat Details
160;580047;Standard;60;2600;197;2200;460;2,1;6410;29,6;84;217;44,1;2,03;630;EC 90 flat Details
260;500269;Standard;18;2110;830;1790;1010;12,1;14800;183;87;80,7;118;0,0983;980;EC 90 flat Details
260;500266;Standard;30;2080;490;1780;988;7,06;14600;107;87;136;70,2;0,28;980;EC 90 flat Details
260;500267;Standard;48;1960;278;1670;964;4,06;13100;56,9;86;231;41,3;0,844;980;EC 90 flat Details
260;500268;Standard;60;1980;227;1690;963;3,28;13300;46,7;87;286;33,4;1,28;980;EC 90 flat Details
